name,handedness,height,weight,avg,Scaled Avg_1,HR,Scaled HR_1,Performance_1
Reggie Jackson,L,72,195,0.262,0.799,563,1.0000,0.8994
Mike Schmidt,R,74,195,0.267,0.814,548,0.9734,0.8937
Willie Stargell,L,74,188,0.282,0.860,475,0.8437,0.8517
Carl Yastrzemski,L,71,175,0.285,0.869,452,0.8028,0.8359
Dave Kingman,R,78,210,0.236,0.720,442,0.7851,0.7523
Darrell Evans,L,74,200,0.248,0.756,414,0.7353,0.7457
Graig Nettles,L,72,180,0.248,0.756,390,0.6927,0.7244
Johnny Bench,R,73,197,0.267,0.814,389,0.6909,0.7525
Jim Rice,R,74,200,0.298,0.909,382,0.6785,0.7935
Tony Perez,R,74,175,0.279,0.851,379,0.6732,0.7619
Lee May,R,75,195,0.267,0.814,354,0.6288,0.7214
Dick Allen,R,71,187,0.292,0.890,351,0.6234,0.7568
George Foster,R,73,180,0.274,0.835,348,0.6181,0.7267
Ron Santo,R,72,190,0.277,0.845,342,0.6075,0.7260
Boog Powell,L,76,230,0.266,0.811,339,0.6021,0.7066
Don Baylor,R,73,190,0.26,0.793,338,0.6004,0.6965
Bobby Bonds,R,73,190,0.268,0.817,332,0.5897,0.7034
Willie Horton,R,71,209,0.273,0.832,325,0.5773,0.7048
Ron Cey,R,70,185,0.261,0.796,316,0.5613,0.6785
Reggie Smith,B,72,180,0.287,0.875,314,0.5577,0.7164
Greg Luzinski,R,73,220,0.276,0.841,307,0.5453,0.6934
Fred Lynn,L,73,185,0.283,0.863,306,0.5435,0.7032
Rusty Staub,L,74,190,0.279,0.851,292,0.5187,0.6846
Jimmy Wynn,R,70,160,0.25,0.762,291,0.5169,0.6395
Steve Garvey,R,70,192,0.294,0.896,272,0.4831,0.6897
George Scott,R,74,200,0.268,0.817,271,0.4813,0.6492
Gorman Thomas,R,74,210,0.225,0.686,268,0.4760,0.5810
Joe Morgan,L,67,160,0.271,0.826,268,0.4760,0.6511
George Hendrick,R,75,195,0.278,0.848,267,0.4742,0.6609
Larry Parrish,R,75,190,0.263,0.802,256,0.4547,0.6283
John Mayberry,L,75,215,0.253,0.771,255,0.4529,0.6121
Andre Thornton,R,75,200,0.254,0.774,253,0.4494,0.6119
Bobby Murcer,L,71,160,0.277,0.845,252,0.4476,0.6461
Joe Torre,R,74,212,0.297,0.905,252,0.4476,0.6765
Tony Armas,R,71,182,0.252,0.768,251,0.4458,0.6071
Ted Simmons,B,71,193,0.285,0.869,248,0.4405,0.6547
Ken Singleton,B,76,210,0.282,0.860,246,0.4369,0.6484
Deron Johnson,R,74,200,0.244,0.744,245,0.4352,0.5895
Sal Bando,R,72,195,0.254,0.774,242,0.4298,0.6021
Dusty Baker,R,74,183,0.278,0.848,242,0.4298,0.6387
Rick Monday,L,75,193,0.264,0.805,241,0.4281,0.6165
Cecil Cooper,L,74,165,0.298,0.909,241,0.4281,0.6683
Jeff Burroughs,R,73,200,0.261,0.796,240,0.4263,0.6110
Doug DeCinces,R,74,190,0.259,0.790,237,0.4210,0.6053
Ben Oglivie,L,74,160,0.273,0.832,235,0.4174,0.6249
Gary Matthews,R,74,185,0.281,0.857,234,0.4156,0.6362
Bobby Grich,R,74,180,0.266,0.811,224,0.3979,0.6044
Tony Oliva,L,73,175,0.304,0.927,220,0.3908,0.6588
Al Oliver,L,72,195,0.303,0.924,219,0.3890,0.6564
Joe Pepitone,L,74,185,0.258,0.787,219,0.3890,0.5878
Bob Horner,R,73,195,0.277,0.845,218,0.3872,0.6159
Chet Lemon,R,72,190,0.273,0.832,215,0.3819,0.6071
Rico Petrocelli,R,72,175,0.251,0.765,210,0.3730,0.5691
Jason Thompson,L,76,200,0.261,0.796,208,0.3694,0.5826
Richie Zisk,R,73,200,0.287,0.875,207,0.3677,0.6213
Rico Carty,R,75,200,0.299,0.912,204,0.3623,0.6370
Richie Hebner,L,73,195,0.276,0.841,203,0.3606,0.6010
Buddy Bell,R,73,180,0.279,0.851,201,0.3570,0.6038
Gene Tenace,R,72,190,0.241,0.735,201,0.3570,0.5459
Oscar Gamble,L,71,160,0.265,0.808,200,0.3552,0.5816
Don Mincher,L,75,205,0.249,0.759,200,0.3552,0.5572
Bill Freehan,R,75,203,0.262,0.799,200,0.3552,0.5770
Cesar Cedeno,R,74,175,0.285,0.869,199,0.3535,0.6112
Dick McAuliffe,L,71,176,0.247,0.753,197,0.3499,0.5515
Cliff Johnson,R,76,215,0.258,0.787,196,0.3481,0.5674
Toby Harrah,R,72,175,0.264,0.805,195,0.3464,0.5756
Amos Otis,R,71,165,0.277,0.845,193,0.3428,0.5937
Hal McRae,R,71,180,0.29,0.884,191,0.3393,0.6117
Bob Bailey,R,73,180,0.257,0.784,189,0.3357,0.5596
Darrell Porter,L,72,193,0.247,0.753,188,0.3339,0.5435
Chris Chambliss,L,73,195,0.279,0.851,185,0.3286,0.5896
Bob Watson,R,72,201,0.295,0.899,184,0.3268,0.6131
Willie Davis,L,74,180,0.279,0.851,182,0.3233,0.5869
Joe Rudi,R,74,200,0.264,0.805,179,0.3179,0.5614
Don Money,R,73,170,0.261,0.796,176,0.3126,0.5542
Bill Buckner,L,72,185,0.289,0.881,174,0.3091,0.5951
Nate Colbert,R,74,190,0.243,0.741,173,0.3073,0.5241
Jim Ray Hart,R,71,185,0.278,0.848,170,0.3020,0.5748
Bill Robinson,R,74,189,0.258,0.787,166,0.2948,0.5407
Larry Hisle,R,74,193,0.273,0.832,166,0.2948,0.5636
Dwayne Murphy,L,73,185,0.246,0.750,166,0.2948,0.5224
Tony Conigliaro,R,75,185,0.264,0.805,166,0.2948,0.5499
Jose Cruz,L,72,170,0.284,0.866,165,0.2931,0.5795
Claudell Washington,L,72,190,0.278,0.848,164,0.2913,0.5694
Roy Smalley,B,73,185,0.257,0.784,163,0.2895,0.5365
Bill Madlock,R,71,180,0.305,0.930,163,0.2895,0.6097
Keith Hernandez,L,72,180,0.296,0.902,162,0.2877,0.5951
Pete Rose,B,71,192,0.303,0.924,160,0.2842,0.6040
Frank White,R,71,165,0.255,0.777,160,0.2842,0.5308
Bill Melton,R,74,200,0.253,0.771,160,0.2842,0.5278
Roy White,B,70,160,0.271,0.826,160,0.2842,0.5552
Jim Hickman,R,75,192,0.252,0.768,159,0.2824,0.5254
Donn Clendenon,R,76,209,0.274,0.835,159,0.2824,0.5589
Ken McMullen,R,75,190,0.248,0.756,156,0.2771,0.5166
Doug Rader,R,74,208,0.251,0.765,155,0.2753,0.5203
Davey Lopes,R,69,170,0.263,0.802,155,0.2753,0.5386
Jim Northrup,L,75,190,0.267,0.814,153,0.2718,0.5429
Tom Tresh,B,73,180,0.245,0.747,153,0.2718,0.5094
Dan Driessen,L,71,187,0.267,0.814,153,0.2718,0.5429
Jim Fregosi,R,73,190,0.265,0.808,151,0.2682,0.5381
Lou Brock,L,71,170,0.293,0.893,149,0.2647,0.5790
Sixto Lezcano,R,70,165,0.271,0.826,148,0.2629,0.5445
Leon Durham,L,73,185,0.277,0.845,147,0.2611,0.5528
Ruppert Jones,L,70,170,0.25,0.762,147,0.2611,0.5116
Jim Spencer,L,74,195,0.25,0.762,146,0.2593,0.5108
Tommy Harper,R,69,165,0.257,0.784,146,0.2593,0.5214
Jeffrey Leonard,R,74,200,0.266,0.811,144,0.2558,0.5334
Johnny Briggs,L,73,190,0.253,0.771,139,0.2469,0.5091
Willie Montanez,L,72,170,0.275,0.838,139,0.2469,0.5427
Jose Cardenal,R,70,150,0.275,0.838,138,0.2451,0.5418
Earl Williams,R,75,215,0.247,0.753,138,0.2451,0.4991
Davey Johnson,R,73,170,0.261,0.796,136,0.2416,0.5186
Paul Blair,R,72,168,0.25,0.762,134,0.2380,0.5001
Tom Haller,L,76,195,0.257,0.784,134,0.2380,0.5108
Mack Jones,L,73,180,0.252,0.768,133,0.2362,0.5023
John Milner,L,72,185,0.249,0.759,131,0.2327,0.4959
Ken Harrelson,R,74,190,0.239,0.729,131,0.2327,0.4807
Jorge Orta,L,70,170,0.278,0.848,130,0.2309,0.5392
Gary Ward,R,74,195,0.276,0.841,130,0.2309,0.5362
Tommie Agee,R,71,195,0.255,0.777,130,0.2309,0.5042
Steve Kemp,L,72,195,0.278,0.848,130,0.2309,0.5392
Mike Epstein,L,75,230,0.244,0.744,130,0.2309,0.4874
Jody Davis,R,76,192,0.245,0.747,127,0.2256,0.4863
Aurelio Rodriguez,R,70,180,0.237,0.723,124,0.2202,0.4714
Willie Upshaw,L,72,185,0.262,0.799,123,0.2185,0.5086
Ken Phelps,L,73,209,0.239,0.729,123,0.2185,0.4736
Ellis Valentine,R,76,205,0.278,0.848,123,0.2185,0.5330
Don Lock,R,74,195,0.238,0.726,122,0.2167,0.4712
Ken Henderson,B,74,180,0.257,0.784,122,0.2167,0.5001
Nick Esasky,R,75,200,0.25,0.762,122,0.2167,0.4894
Joe Ferguson,R,74,200,0.24,0.732,122,0.2167,0.4742
Dan Ford,R,73,185,0.27,0.823,121,0.2149,0.5190
Gary Roenicke,R,75,205,0.247,0.753,121,0.2149,0.4840
Wayne Gross,L,74,210,0.233,0.710,121,0.2149,0.4626
Jimmie Hall,L,72,175,0.254,0.774,121,0.2149,0.4947
Keith Moreland,R,72,190,0.279,0.851,121,0.2149,0.5328
Ed Kranepool,L,75,205,0.261,0.796,118,0.2096,0.5027
Mike Easler,L,72,190,0.293,0.893,118,0.2096,0.5514
Leo Cardenas,R,71,150,0.257,0.784,118,0.2096,0.4966
Garry Maddox,R,75,175,0.285,0.869,117,0.2078,0.5384
Mickey Stanley,R,73,185,0.248,0.756,117,0.2078,0.4820
John Lowenstein,L,72,175,0.253,0.771,116,0.2060,0.4887
Rick Reichardt,R,75,210,0.261,0.796,116,0.2060,0.5009
Bob Robertson,R,73,195,0.242,0.738,115,0.2043,0.4710
Chuck Hinton,R,73,180,0.264,0.805,113,0.2007,0.5028
Thurman Munson,R,71,190,0.292,0.890,113,0.2007,0.5455
Greg Walker,L,75,205,0.26,0.793,113,0.2007,0.4967
Jim Morrison,R,71,175,0.26,0.793,112,0.1989,0.4958
Curt Blefary,L,74,195,0.237,0.723,112,0.1989,0.4607
Chris Speier,R,73,175,0.246,0.750,112,0.1989,0.4745
Max Alvis,R,71,185,0.247,0.753,111,0.1972,0.4751
Willie Aikens,L,75,220,0.271,0.826,110,0.1954,0.5108
Dave Duncan,R,74,190,0.214,0.652,109,0.1936,0.4230
Phil Garner,R,70,175,0.26,0.793,109,0.1936,0.4931
Fred Whitfield,L,73,190,0.253,0.771,108,0.1918,0.4816
Al Cowens,R,73,197,0.27,0.823,108,0.1918,0.5075
Larry Herndon,R,75,190,0.274,0.835,107,0.1901,0.5127
Lee Thomas,L,74,195,0.255,0.777,106,0.1883,0.4829
Bob Boone,R,74,195,0.254,0.774,105,0.1865,0.4804
Tony Gonzalez,L,69,170,0.286,0.872,103,0.1829,0.5274
Eric Soderholm,R,71,187,0.264,0.805,102,0.1812,0.4930
Jay Johnstone,L,73,175,0.267,0.814,102,0.1812,0.4976
Steve Yeager,R,72,190,0.228,0.695,102,0.1812,0.4381
Lou Piniella,R,72,182,0.291,0.887,102,0.1812,0.5342
Ollie Brown,R,74,178,0.265,0.808,102,0.1812,0.4945
Dave Concepcion,R,74,155,0.267,0.814,101,0.1794,0.4967
Denis Menke,R,72,185,0.25,0.762,101,0.1794,0.4708
Duke Sims,L,74,197,0.239,0.729,100,0.1776,0.4531
Bruce Bochte,L,75,195,0.282,0.860,100,0.1776,0.5187
Johnny Grubb,L,75,175,0.278,0.848,99,0.1758,0.5117
Ozzie Virgil,R,73,180,0.243,0.741,98,0.1741,0.4575
Pete Ward,L,73,185,0.254,0.774,98,0.1741,0.4742
Butch Hobson,R,73,193,0.248,0.756,98,0.1741,0.4651
Bernie Carbo,L,71,173,0.264,0.805,96,0.1705,0.4877
Dave May,L,70,186,0.251,0.765,96,0.1705,0.4679
Jim Sundberg,R,72,190,0.248,0.756,95,0.1687,0.4624
Jerry Morales,R,70,155,0.259,0.790,95,0.1687,0.4792
Mike Jorgensen,L,72,195,0.243,0.741,95,0.1687,0.4548
Bob Oliver,R,75,205,0.256,0.780,94,0.1670,0.4737
Don Buford,B,67,160,0.264,0.805,93,0.1652,0.4850
Cleon Jones,R,72,185,0.281,0.857,93,0.1652,0.5109
Lee Mazzilli,B,73,180,0.259,0.790,93,0.1652,0.4774
Rod Carew,L,72,170,0.328,1.000,92,0.1634,0.5817
Lee Lacy,R,73,175,0.286,0.872,91,0.1616,0.5168
Cito Gaston,R,75,190,0.256,0.780,91,0.1616,0.4711
Mike Davis,L,74,175,0.259,0.790,91,0.1616,0.4756
Ken Landreaux,L,70,165,0.268,0.817,91,0.1616,0.4894
Bob Brenly,R,74,210,0.247,0.753,91,0.1616,0.4573
Mike Lum,L,72,180,0.247,0.753,90,0.1599,0.4565
Carlos May,L,71,200,0.274,0.835,90,0.1599,0.4976
Alan Ashby,B,74,185,0.245,0.747,90,0.1599,0.4534
Bo Diaz,R,71,185,0.255,0.777,87,0.1545,0.4660
Del Unser,L,73,180,0.258,0.787,87,0.1545,0.4706
John Wockenfuss,R,72,190,0.262,0.799,86,0.1528,0.4758
Willie Crawford,L,73,197,0.268,0.817,86,0.1528,0.4849
Tom Paciorek,R,76,215,0.282,0.860,86,0.1528,0.5063
Bobby Tolan,L,71,170,0.265,0.808,86,0.1528,0.4803
Dan Meyer,L,71,180,0.253,0.771,86,0.1528,0.4620
Ed Charles,R,70,170,0.263,0.802,86,0.1528,0.4773
Jerry Martin,R,73,195,0.251,0.765,85,0.1510,0.4581
Ed Kirkpatrick,L,71,195,0.238,0.726,85,0.1510,0.4383
Gates Brown,L,71,220,0.257,0.784,84,0.1492,0.4664
Ray Knight,R,73,185,0.271,0.826,84,0.1492,0.4877
Bobby Darwin,R,74,190,0.251,0.765,83,0.1474,0.4563
Roger Repoz,L,75,190,0.224,0.683,82,0.1456,0.4143
Randy Hundley,R,71,170,0.236,0.720,82,0.1456,0.4326
Mike Ivie,R,75,205,0.269,0.820,81,0.1439,0.4820
John Bateman,R,75,210,0.23,0.701,81,0.1439,0.4225
Johnny Edwards,L,76,220,0.242,0.738,81,0.1439,0.4408
Ed Herrmann,L,73,195,0.24,0.732,80,0.1421,0.4369
Dick Green,R,70,180,0.24,0.732,80,0.1421,0.4369
Joel Youngblood,R,72,180,0.265,0.808,80,0.1421,0.4750
Mike Hargrove,L,72,195,0.29,0.884,80,0.1421,0.5131
Roy Howell,L,73,190,0.261,0.796,80,0.1421,0.4689
Bob Tillman,R,76,205,0.232,0.707,79,0.1403,0.4238
Juan Beniquez,R,71,150,0.274,0.835,79,0.1403,0.4878
Bert Campaneris,R,70,160,0.259,0.790,79,0.1403,0.4650
Julian Javier,R,73,175,0.257,0.784,78,0.1385,0.4610
Otto Velez,R,72,170,0.251,0.765,78,0.1385,0.4519
Alex Johnson,R,72,205,0.288,0.878,78,0.1385,0.5083
Phil Bradley,R,72,185,0.286,0.872,78,0.1385,0.5052
Leon Roberts,R,75,200,0.267,0.814,78,0.1385,0.4763
Rich Rollins,R,70,185,0.269,0.820,77,0.1368,0.4784
Leroy Stanton,R,73,195,0.244,0.744,77,0.1368,0.4403
Milt May,L,72,190,0.263,0.802,77,0.1368,0.4693
Tim Laudner,R,75,212,0.225,0.686,77,0.1368,0.4114
Jim Dwyer,L,70,165,0.26,0.793,77,0.1368,0.4647
Don Wert,R,70,162,0.242,0.738,77,0.1368,0.4373
George Mitterwald,R,74,195,0.236,0.720,76,0.1350,0.4273
Tony Horton,R,75,210,0.268,0.817,76,0.1350,0.4760
Pat Kelly,L,73,185,0.264,0.805,76,0.1350,0.4699
Tommy McCraw,L,72,183,0.246,0.750,75,0.1332,0.4416
Ralph Garr,L,71,185,0.306,0.933,75,0.1332,0.5331
Jim Lefebvre,B,72,180,0.251,0.765,74,0.1314,0.4483
Bernie Allen,L,72,175,0.239,0.729,73,0.1297,0.4292
Andy Kosco,R,75,205,0.236,0.720,73,0.1297,0.4246
Ron Swoboda,R,74,195,0.242,0.738,73,0.1297,0.4337
Mitchell Page,L,74,205,0.266,0.811,72,0.1279,0.4694
Mike Young,B,74,195,0.247,0.753,72,0.1279,0.4405
Tom Brookens,R,70,165,0.246,0.750,71,0.1261,0.4381
Glenn Hubbard,R,69,150,0.244,0.744,70,0.1243,0.4341
Jerry Mumphrey,B,74,185,0.289,0.881,70,0.1243,0.5027
Charley Smith,R,73,170,0.239,0.729,69,0.1226,0.4256
John Ellis,R,74,225,0.262,0.799,69,0.1226,0.4607
Ken Reitz,R,72,180,0.26,0.793,68,0.1208,0.4567
Steve Henderson,R,74,190,0.28,0.854,68,0.1208,0.4872
Art Shamsky,L,73,168,0.253,0.771,68,0.1208,0.4461
Mike Shannon,R,75,195,0.255,0.777,68,0.1208,0.4491
Floyd Robinson,L,69,175,0.283,0.863,67,0.1190,0.4909
Merv Rettenmund,R,70,190,0.271,0.826,66,0.1172,0.4717
Dick Dietz,R,73,195,0.261,0.796,66,0.1172,0.4565
Mike Andrews,R,75,195,0.258,0.787,66,0.1172,0.4519
Danny Cater,R,72,170,0.276,0.841,66,0.1172,0.4793
Joe Lahoud,L,73,198,0.223,0.680,65,0.1155,0.3977
Charlie Spikes,R,75,215,0.246,0.750,65,0.1155,0.4327
Lou Clinton,R,73,185,0.247,0.753,65,0.1155,0.4343
Manny Sanguillen,R,72,193,0.296,0.902,65,0.1155,0.5089
Tom Grieve,R,74,190,0.249,0.759,65,0.1155,0.4373
Butch Wynegar,B,73,190,0.255,0.777,65,0.1155,0.4464
Lamar Johnson,R,74,215,0.287,0.875,64,0.1137,0.4943
Wes Parker,B,73,180,0.267,0.814,64,0.1137,0.4639
Jeff Newman,R,74,215,0.224,0.683,63,0.1119,0.3974
Pat Putnam,L,72,205,0.255,0.777,63,0.1119,0.4447
Bake McBride,L,74,190,0.299,0.912,63,0.1119,0.5117
Ellie Hendricks,L,73,175,0.22,0.671,62,0.1101,0.3904
Dave Revering,L,76,210,0.265,0.808,62,0.1101,0.4590
Wayne Garrett,L,71,175,0.239,0.729,61,0.1083,0.4185
Gary Thomasson,L,73,180,0.249,0.759,61,0.1083,0.4337
Mickey Rivers,L,70,165,0.295,0.899,61,0.1083,0.5039
Ray Fosse,R,74,215,0.256,0.780,61,0.1083,0.4444
Bill Schroeder,R,74,200,0.24,0.732,61,0.1083,0.4200
Dave Nicholson,R,74,215,0.212,0.646,61,0.1083,0.3773
Manny Trillo,R,73,150,0.263,0.802,61,0.1083,0.4551
Ed Brinkman,R,72,170,0.224,0.683,60,0.1066,0.3947
Enos Cabell,R,76,170,0.277,0.845,60,0.1066,0.4755
Adolfo Phillips,R,73,175,0.247,0.753,59,0.1048,0.4289
Bill Sudakis,B,73,190,0.234,0.713,59,0.1048,0.4091
Ron LeFlore,R,72,200,0.288,0.878,59,0.1048,0.4914
Buck Martinez,R,70,190,0.225,0.686,58,0.1030,0.3945
Ken Berry,R,72,175,0.255,0.777,58,0.1030,0.4402
Joe Foy,R,72,215,0.248,0.756,58,0.1030,0.4296
Paul Schaal,R,71,165,0.244,0.744,57,0.1012,0.4226
Barry Foote,R,75,205,0.23,0.701,57,0.1012,0.4012
Rick Manning,L,73,180,0.257,0.784,56,0.0995,0.4415
Bobby Knoop,R,73,170,0.236,0.720,56,0.0995,0.4095
Ron Jackson,R,72,200,0.259,0.790,56,0.0995,0.4446
Barry Bonnell,R,75,190,0.272,0.829,56,0.0995,0.4644
Gene Alley,R,70,160,0.254,0.774,55,0.0977,0.4360
Gary Alexander,R,74,195,0.23,0.701,55,0.0977,0.3995
Clay Dalrymple,L,72,190,0.233,0.710,55,0.0977,0.4040
Cookie Rojas,R,70,160,0.263,0.802,54,0.0959,0.4489
Al Bumbry,L,68,170,0.281,0.857,54,0.0959,0.4763
Champ Summers,L,74,205,0.255,0.777,54,0.0959,0.4367
Johnny Ray,B,71,170,0.29,0.884,53,0.0941,0.4891
Mike Hegan,L,73,188,0.242,0.738,53,0.0941,0.4160
Rich Reese,L,75,185,0.253,0.771,52,0.0924,0.4319
Steve Braun,L,70,180,0.271,0.826,52,0.0924,0.4593
Buddy Bradford,R,71,170,0.226,0.689,52,0.0924,0.3907
Ron Blomberg,L,73,195,0.293,0.893,52,0.0924,0.4928
Cesar Geronimo,L,72,165,0.258,0.787,51,0.0906,0.4386
Al Ferrara,R,73,200,0.259,0.790,51,0.0906,0.4401
Joe Azcue,R,72,190,0.252,0.768,50,0.0888,0.4286
Paul Casanova,R,76,180,0.225,0.686,50,0.0888,0.3874
Tony Solaita,L,72,210,0.255,0.777,50,0.0888,0.4331
Rick Burleson,R,70,165,0.273,0.832,50,0.0888,0.4606
Andy Etchebarren,R,73,190,0.235,0.716,49,0.0870,0.4017
Dave Roberts,R,75,215,0.239,0.729,49,0.0870,0.4078
Dale Berra,R,72,180,0.236,0.720,49,0.0870,0.4033
Lou Johnson,R,71,170,0.258,0.787,48,0.0853,0.4359
Larry Brown,R,70,160,0.233,0.710,47,0.0835,0.3969
Cesar Tovar,R,69,155,0.278,0.848,46,0.0817,0.4646
John Stearns,R,72,185,0.26,0.793,46,0.0817,0.4372
Willie Smith,L,72,182,0.248,0.756,46,0.0817,0.4189
Bill Sample,R,69,175,0.272,0.829,46,0.0817,0.4555
Craig Kusick,R,75,210,0.235,0.716,46,0.0817,0.3991
Bill Russell,R,72,175,0.263,0.802,46,0.0817,0.4418
Sam Bowens,R,73,188,0.223,0.680,45,0.0799,0.3799
Jerry Turner,L,69,180,0.257,0.784,45,0.0799,0.4317
Roy Foster,R,72,185,0.253,0.771,45,0.0799,0.4256
Tito Fuentes,B,71,175,0.268,0.817,45,0.0799,0.4485
Darryl Motley,R,69,196,0.243,0.741,44,0.0782,0.4095
Bob Johnson,R,70,175,0.272,0.829,44,0.0782,0.4537
Bill Stein,R,70,170,0.267,0.814,44,0.0782,0.4461
Phil Roof,R,74,190,0.215,0.655,43,0.0764,0.3659
Derrel Thomas,B,72,160,0.249,0.759,43,0.0764,0.4178
Art Howe,R,74,190,0.26,0.793,43,0.0764,0.4345
Rich Dauer,R,72,180,0.257,0.784,43,0.0764,0.4300
Eddie Milner,L,71,173,0.253,0.771,42,0.0746,0.4230
Terry Crowley,L,72,180,0.25,0.762,42,0.0746,0.4184
Andres Thomas,R,73,170,0.234,0.713,42,0.0746,0.3940
Craig Reynolds,L,73,175,0.256,0.780,42,0.0746,0.4275
Ron Oester,B,74,185,0.265,0.808,42,0.0746,0.4413
George Wright,B,71,180,0.245,0.747,42,0.0746,0.4108
Walt Bond,L,79,228,0.256,0.780,41,0.0728,0.4267
Billy Bryan,L,76,200,0.216,0.659,41,0.0728,0.3657
Dalton Jones,L,73,180,0.235,0.716,41,0.0728,0.3946
Rennie Stennett,R,71,160,0.274,0.835,41,0.0728,0.4541
Dave Stapleton,R,73,178,0.271,0.826,41,0.0728,0.4495
John Castino,R,71,175,0.278,0.848,41,0.0728,0.4602
Freddie Patek,R,65,148,0.242,0.738,41,0.0728,0.4053
Bucky Dent,R,69,170,0.247,0.753,40,0.0710,0.4120
Billy Conigliaro,R,72,180,0.256,0.780,40,0.0710,0.4258
Billy Cowan,R,72,170,0.236,0.720,40,0.0710,0.3953
Joe Hague,L,72,195,0.239,0.729,40,0.0710,0.3999
Marvell Wynne,L,71,175,0.247,0.753,40,0.0710,0.4120
John Orsino,R,75,215,0.249,0.759,40,0.0710,0.4151
Jerry Royster,R,72,165,0.249,0.759,40,0.0710,0.4151
Ed Spiezio,R,71,180,0.238,0.726,39,0.0693,0.3974
Ron Hunt,R,72,186,0.273,0.832,39,0.0693,0.4508
Frank Fernandez,R,72,185,0.199,0.607,39,0.0693,0.3380
Hector Cruz,R,71,170,0.225,0.686,39,0.0693,0.3776
Rob Wilfong,L,73,180,0.248,0.756,39,0.0693,0.4127
Wayne Nordhagen,R,74,205,0.282,0.860,39,0.0693,0.4645
Jerry Grote,R,70,185,0.252,0.768,39,0.0693,0.4188
Benny Ayala,R,73,185,0.251,0.765,38,0.0675,0.4164
Chris Brown,R,72,185,0.269,0.820,38,0.0675,0.4438
Mickey Hatcher,R,74,200,0.28,0.854,38,0.0675,0.4606
Brant Alyea,R,75,215,0.247,0.753,38,0.0675,0.4103
Floyd Rayford,R,70,190,0.244,0.744,38,0.0675,0.4057
Omar Moreno,L,74,180,0.252,0.768,37,0.0657,0.4170
Pedro Garcia,R,70,175,0.22,0.671,37,0.0657,0.3682
Dave Hostetler,R,76,215,0.229,0.698,37,0.0657,0.3819
Luis Aguayo,R,69,173,0.236,0.720,37,0.0657,0.3926
Len Gabrielson,L,76,210,0.253,0.771,37,0.0657,0.4185
Bump Wills,B,69,172,0.266,0.811,36,0.0639,0.4375
Larry Stahl,L,72,175,0.232,0.707,36,0.0639,0.3856
Vic Davalillo,L,67,150,0.279,0.851,36,0.0639,0.4573
Terry Harper,R,76,195,0.253,0.771,36,0.0639,0.4176
Ted Uhlaender,L,74,190,0.263,0.802,36,0.0639,0.4329
Damaso Garcia,R,73,165,0.283,0.863,36,0.0639,0.4634
Charlie Moore,R,71,180,0.261,0.796,36,0.0639,0.4298
Bill Almon,R,75,180,0.254,0.774,36,0.0639,0.4192
Rusty Torres,B,70,175,0.212,0.646,35,0.0622,0.3543
Al Woods,L,75,190,0.271,0.826,35,0.0622,0.4442
R.J. Reynolds,B,72,190,0.267,0.814,35,0.0622,0.4381
Jake Wood,R,73,163,0.25,0.762,35,0.0622,0.4122
Marc Hill,R,75,205,0.223,0.680,34,0.0604,0.3701
Mike Vail,R,73,180,0.279,0.851,34,0.0604,0.4555
Glenn Adams,L,73,180,0.28,0.854,34,0.0604,0.4570
Todd Cruz,R,72,175,0.22,0.671,34,0.0604,0.3656
Mike Cubbage,L,72,180,0.258,0.787,34,0.0604,0.4235
Tommy Helms,R,70,165,0.269,0.820,34,0.0604,0.4403
Ted Savage,R,73,185,0.233,0.710,34,0.0604,0.3854
Walt Williams,R,66,165,0.27,0.823,33,0.0586,0.4409
Terry Whitfield,L,73,197,0.281,0.857,33,0.0586,0.4577
Jim Essian,R,74,195,0.244,0.744,33,0.0586,0.4013
Bob Stinson,B,71,180,0.25,0.762,33,0.0586,0.4104
Ed Ott,L,70,190,0.259,0.790,33,0.0586,0.4241
Al Luplow,L,70,175,0.235,0.716,33,0.0586,0.3875
Ivan Murrell,R,74,195,0.236,0.720,33,0.0586,0.3891
Dave Collins,B,71,175,0.272,0.829,32,0.0568,0.4431
Jesus Alou,R,74,190,0.28,0.854,32,0.0568,0.4552
Mickey Brantley,R,70,180,0.259,0.790,32,0.0568,0.4232
Clint Hurdle,L,75,195,0.259,0.790,32,0.0568,0.4232
Joe Lis,R,72,175,0.233,0.710,32,0.0568,0.3836
Rowland Office,L,72,170,0.259,0.790,32,0.0568,0.4232
John Kennedy,R,72,185,0.225,0.686,32,0.0568,0.3714
Ken Boswell,L,72,170,0.248,0.756,31,0.0551,0.4056
Chico Salmon,R,70,160,0.249,0.759,31,0.0551,0.4071
Dave Engle,R,75,210,0.262,0.799,31,0.0551,0.4269
Mike Diaz,R,74,195,0.247,0.753,31,0.0551,0.4041
Matty Alou,L,69,160,0.307,0.936,31,0.0551,0.4955
Joe Lefebvre,L,70,170,0.258,0.787,31,0.0551,0.4208
Carl Warwick,R,70,170,0.248,0.756,31,0.0551,0.4056
Manny Mota,R,70,160,0.304,0.927,31,0.0551,0.4909
David Green,R,75,170,0.268,0.817,31,0.0551,0.4361
Leron Lee,L,72,196,0.25,0.762,31,0.0551,0.4086
Fred Kendall,R,73,185,0.234,0.713,31,0.0551,0.3842
Buck Rodgers,B,74,190,0.232,0.707,31,0.0551,0.3812
Byron Browne,R,74,190,0.236,0.720,30,0.0533,0.3864
Jack Brohamer,L,70,165,0.245,0.747,30,0.0533,0.4001
Von Joshua,L,70,170,0.273,0.832,30,0.0533,0.4428
Duffy Dyer,R,72,187,0.221,0.674,30,0.0533,0.3635
Ed Goodson,L,75,180,0.26,0.793,30,0.0533,0.4230
Steve Brye,R,72,190,0.258,0.787,30,0.0533,0.4199
Jerry Hairston,B,70,170,0.258,0.787,30,0.0533,0.4199
Jim Gosger,L,71,185,0.226,0.689,30,0.0533,0.3712
Len Matuszek,L,74,190,0.234,0.713,30,0.0533,0.3834
Pete Mackanin,R,74,190,0.226,0.689,30,0.0533,0.3712
Dave Rader,L,71,165,0.257,0.784,30,0.0533,0.4184
Bobby Wine,R,73,187,0.215,0.655,30,0.0533,0.3544
Paul Householder,B,72,180,0.236,0.720,29,0.0515,0.3855
Vic Correll,R,70,185,0.229,0.698,29,0.0515,0.3748
Larry Biittner,L,74,205,0.273,0.832,29,0.0515,0.4419
Charlie James,R,73,195,0.255,0.777,29,0.0515,0.4145
Rey Quinones,R,71,160,0.243,0.741,29,0.0515,0.3962
Joe Charboneau,R,74,205,0.266,0.811,29,0.0515,0.4312
Mike Ryan,R,74,205,0.193,0.588,28,0.0497,0.3191
Danny Walton,R,72,195,0.223,0.680,28,0.0497,0.3648
Coco Laboy,R,70,165,0.233,0.710,28,0.0497,0.3800
Billy Grabarkewitz,R,70,165,0.236,0.720,28,0.0497,0.3846
Mike Anderson,R,74,200,0.246,0.750,28,0.0497,0.3999
Rick Miller,L,72,175,0.269,0.820,28,0.0497,0.4349
Joe Nolan,L,71,175,0.263,0.802,27,0.0480,0.4249
Kurt Bevacqua,R,72,180,0.236,0.720,27,0.0480,0.3837
Horace Clarke,B,69,170,0.256,0.780,27,0.0480,0.4142
Mike Tyson,R,69,170,0.241,0.735,27,0.0480,0.3914
U L Washington,B,71,175,0.251,0.765,27,0.0480,0.4066
George Vukovich,L,72,198,0.268,0.817,27,0.0480,0.4325
Bob Kearney,R,72,190,0.233,0.710,27,0.0480,0.3792
Dick Davis,R,75,190,0.265,0.808,27,0.0480,0.4279
Chris Bando,B,72,195,0.227,0.692,27,0.0480,0.3700
Pete LaCock,L,74,200,0.257,0.784,27,0.0480,0.4157
Jerry McNertney,R,72,180,0.237,0.723,27,0.0480,0.3853
Felix Torres,R,71,165,0.254,0.774,27,0.0480,0.4112
Len Randle,B,70,169,0.257,0.784,27,0.0480,0.4157
Jim Traber,L,72,194,0.227,0.692,27,0.0480,0.3700
Andres Mora,R,72,180,0.223,0.680,27,0.0480,0.3639
Manny Jimenez,L,73,185,0.272,0.829,26,0.0462,0.4377
Mike Hershberger,R,70,175,0.252,0.768,26,0.0462,0.4072
Bobby Brown,B,74,190,0.245,0.747,26,0.0462,0.3966
Bruce Bochy,R,75,205,0.239,0.729,26,0.0462,0.3874
Jose Morales,R,71,187,0.287,0.875,26,0.0462,0.4606
Gene Richards,L,72,175,0.29,0.884,26,0.0462,0.4652
Ron Woods,R,70,168,0.233,0.710,26,0.0462,0.3783
John Boccabella,R,73,195,0.219,0.668,26,0.0462,0.3569
Jesse Gonder,L,70,180,0.251,0.765,26,0.0462,0.4057
Bob Coluccio,R,71,183,0.22,0.671,26,0.0462,0.3585
Frank Duffy,R,73,180,0.232,0.707,26,0.0462,0.3767
Jake Gibbs,L,72,180,0.233,0.710,25,0.0444,0.3774
Mike de la Hoz,R,71,175,0.251,0.765,25,0.0444,0.4048
Lenn Sakata,R,69,160,0.23,0.701,25,0.0444,0.3728
Tim Foli,R,72,179,0.251,0.765,25,0.0444,0.4048
Curt Motton,R,68,164,0.213,0.649,25,0.0444,0.3469
Bill Nahorodny,R,74,200,0.241,0.735,25,0.0444,0.3896
Jerry Moses,R,75,210,0.251,0.765,25,0.0444,0.4048
Mark Brouhard,R,73,210,0.259,0.790,25,0.0444,0.4170
Gail Hopkins,L,70,198,0.266,0.811,25,0.0444,0.4277
Syd O'Brien,R,73,185,0.23,0.701,24,0.0426,0.3719
Steve Whitaker,L,72,180,0.23,0.701,24,0.0426,0.3719
Ken Gerhart,R,72,190,0.221,0.674,24,0.0426,0.3582
Duane Walker,L,72,185,0.229,0.698,24,0.0426,0.3704
Gary Gray,R,72,187,0.24,0.732,24,0.0426,0.3872
Eddie Leon,R,72,170,0.236,0.720,24,0.0426,0.3811
Hal King,L,73,200,0.214,0.652,24,0.0426,0.3475
Norm Miller,L,70,185,0.238,0.726,24,0.0426,0.3841
Bob Chance,L,74,196,0.261,0.796,24,0.0426,0.4192
Steve Ontiveros,B,72,185,0.274,0.835,24,0.0426,0.4390
Gary Sutherland,R,72,185,0.243,0.741,24,0.0426,0.3917
Chuck Schilling,R,70,160,0.239,0.729,23,0.0409,0.3848
Duane Josephson,R,72,190,0.258,0.787,23,0.0409,0.4137
Bob Montgomery,R,73,195,0.258,0.787,23,0.0409,0.4137
Ted Sizemore,R,70,165,0.262,0.799,23,0.0409,0.4198
Bob Dernier,R,72,160,0.255,0.777,23,0.0409,0.4091
Alex Trevino,R,70,165,0.249,0.759,23,0.0409,0.4000
Mike Brown,R,74,195,0.265,0.808,23,0.0409,0.4244
Lyman Bostock,L,73,180,0.311,0.948,23,0.0409,0.4945
Julio Cruz,B,69,165,0.237,0.723,23,0.0409,0.3817
Glenn Hoffman,R,73,175,0.242,0.738,23,0.0409,0.3893
Jerry Buchek,R,71,185,0.22,0.671,22,0.0391,0.3549
Johnny Lewis,L,73,189,0.227,0.692,22,0.0391,0.3656
Angel Mangual,R,70,178,0.245,0.747,22,0.0391,0.3930
Roger Freed,R,72,190,0.245,0.747,22,0.0391,0.3930
Tom Hutton,L,71,180,0.248,0.756,22,0.0391,0.3976
Jack Hiatt,R,74,190,0.251,0.765,22,0.0391,0.4022
Nelson Mathews,R,76,195,0.223,0.680,22,0.0391,0.3595
Felix Millan,R,71,172,0.279,0.851,22,0.0391,0.4448
Johnnie LeMaster,R,74,165,0.222,0.677,22,0.0391,0.3580
Tom Egan,R,76,218,0.2,0.610,22,0.0391,0.3244
Reid Nichols,R,71,165,0.266,0.811,22,0.0391,0.4250
Marty Perez,R,71,160,0.246,0.750,22,0.0391,0.3945
Glenn Beckert,R,73,190,0.283,0.863,22,0.0391,0.4509
Ivan DeJesus,R,71,175,0.254,0.774,21,0.0373,0.4058
Tom Satriano,L,73,185,0.225,0.686,21,0.0373,0.3616
Dave McKay,B,73,195,0.229,0.698,21,0.0373,0.3677
Dave Cash,R,71,170,0.283,0.863,21,0.0373,0.4501
Jerry White,B,70,164,0.253,0.771,21,0.0373,0.4043
Bobby Mitchell,R,75,185,0.235,0.716,21,0.0373,0.3769
Jerry Narron,L,75,205,0.211,0.643,21,0.0373,0.3403
Jim Wohlford,R,71,175,0.26,0.793,21,0.0373,0.4150
Biff Pocoroba,B,70,175,0.257,0.784,21,0.0373,0.4104
John Wathan,R,74,205,0.262,0.799,21,0.0373,0.4180
Joe Gaines,R,73,190,0.241,0.735,21,0.0373,0.3860
Hal Breeden,R,74,200,0.243,0.741,21,0.0373,0.3891
Dick Nen,L,74,200,0.224,0.683,21,0.0373,0.3601
Steve Lombardozzi,R,72,175,0.233,0.710,20,0.0355,0.3729
Steve Swisher,R,74,205,0.216,0.659,20,0.0355,0.3470
Chuck Hiller,L,71,170,0.243,0.741,20,0.0355,0.3882
Mark Belanger,R,73,170,0.228,0.695,20,0.0355,0.3653
Carmen Fanzone,R,72,200,0.224,0.683,20,0.0355,0.3592
Larvell Blanks,R,68,167,0.253,0.771,20,0.0355,0.4034
Ike Brown,R,72,190,0.256,0.780,20,0.0355,0.4080
Billy North,B,71,185,0.261,0.796,20,0.0355,0.4156
Rich McKinney,R,71,185,0.225,0.686,20,0.0355,0.3607
Bob Jones,L,74,195,0.221,0.674,20,0.0355,0.3547
Fran Healy,R,77,220,0.25,0.762,20,0.0355,0.3989
Thad Bosley,L,75,175,0.272,0.829,20,0.0355,0.4324
Dave Nelson,R,70,160,0.244,0.744,20,0.0355,0.3897
Rick Renick,R,72,188,0.221,0.674,20,0.0355,0.3547
Dave Campbell,R,73,180,0.213,0.649,20,0.0355,0.3425
Ron Washington,R,71,155,0.261,0.796,20,0.0355,0.4156
Garth Iorg,R,71,170,0.258,0.787,20,0.0355,0.4111
Doug Frobel,L,76,196,0.201,0.613,20,0.0355,0.3242
Ron Hodges,L,73,185,0.24,0.732,19,0.0337,0.3827
Gary Allenson,R,71,185,0.221,0.674,19,0.0337,0.3538
Bobby Clark,R,72,190,0.239,0.729,19,0.0337,0.3812
Jim Holt,L,72,180,0.265,0.808,19,0.0337,0.4208
Bill Voss,L,74,160,0.227,0.692,19,0.0337,0.3629
Cap Peterson,R,74,195,0.23,0.701,19,0.0337,0.3675
Alan Bannister,R,71,170,0.27,0.823,19,0.0337,0.4285
Hector Torres,R,72,175,0.216,0.659,18,0.0320,0.3453
Elliott Maddox,R,71,180,0.261,0.796,18,0.0320,0.4139
Willie Norwood,R,72,185,0.242,0.738,18,0.0320,0.3849
Johnny Jeter,R,73,180,0.244,0.744,18,0.0320,0.3879
Chris Cannizzaro,R,72,190,0.235,0.716,18,0.0320,0.3742
Doug Camilli,R,71,195,0.199,0.607,18,0.0320,0.3193
Jim Price,R,72,192,0.214,0.652,18,0.0320,0.3422
Rudy Law,L,73,165,0.271,0.826,18,0.0320,0.4291
Bruce Benedict,R,73,175,0.242,0.738,18,0.0320,0.3849
Harry Spilman,L,73,180,0.237,0.723,18,0.0320,0.3773
Rick Leach,L,73,180,0.268,0.817,18,0.0320,0.4245
Ted Ford,R,70,180,0.219,0.668,17,0.0302,0.3489
Tony Scott,B,72,164,0.249,0.759,17,0.0302,0.3947
Billy Smith,B,74,185,0.23,0.701,17,0.0302,0.3657
Rick Bosetti,R,71,185,0.25,0.762,17,0.0302,0.3962
Ray Webster,L,72,185,0.244,0.744,17,0.0302,0.3870
Fernando Gonzalez,R,70,165,0.235,0.716,17,0.0302,0.3733
Rob Picciolo,R,74,185,0.234,0.713,17,0.0302,0.3718
Chuck Harrison,R,70,185,0.238,0.726,17,0.0302,0.3779
Hosken Powell,L,73,175,0.259,0.790,17,0.0302,0.4099
Ron Roenicke,B,72,180,0.238,0.726,17,0.0302,0.3779
Doug Ault,R,75,200,0.236,0.720,17,0.0302,0.3749
Bob Brower,R,71,185,0.242,0.738,17,0.0302,0.3840
Denny Doyle,L,69,175,0.25,0.762,16,0.0284,0.3953
Wayne Comer,R,70,175,0.229,0.698,16,0.0284,0.3633
Dick Howser,R,68,155,0.248,0.756,16,0.0284,0.3923
Jim Nettles,L,72,186,0.22,0.671,16,0.0284,0.3496
Glenn Borgmann,R,76,210,0.229,0.698,16,0.0284,0.3633
Dick Billings,R,73,195,0.227,0.692,16,0.0284,0.3602
Steve Huntz,B,73,204,0.206,0.628,16,0.0284,0.3282
Ned Yost,R,73,190,0.212,0.646,16,0.0284,0.3374
Dave Marshall,L,73,182,0.246,0.750,16,0.0284,0.3892
Joe Wallis,B,71,180,0.244,0.744,16,0.0284,0.3862
Terry Francona,L,73,190,0.274,0.835,16,0.0284,0.4319
Pepe Mangual,R,70,157,0.242,0.738,16,0.0284,0.3831
Ellie Rodriguez,R,71,185,0.245,0.747,16,0.0284,0.3877
Rick Wise,R,73,180,0.195,0.595,15,0.0266,0.3106
Ray Oyler,R,71,165,0.175,0.534,15,0.0266,0.2801
Dick Simpson,R,76,176,0.207,0.631,15,0.0266,0.3289
Dave Chalk,R,70,175,0.252,0.768,15,0.0266,0.3975
Danny Thompson,R,72,183,0.248,0.756,15,0.0266,0.3914
Larry Bowa,B,70,155,0.26,0.793,15,0.0266,0.4097
Jerry May,R,74,190,0.234,0.713,15,0.0266,0.3700
Doc Edwards,R,74,215,0.238,0.726,15,0.0266,0.3761
Wayne Krenchicki,L,73,180,0.266,0.811,15,0.0266,0.4188
Don Leppert,R,74,220,0.229,0.698,15,0.0266,0.3624
Daryl Sconiers,L,74,185,0.265,0.808,15,0.0266,0.4173
Gene Michael,B,74,183,0.229,0.698,15,0.0266,0.3624
Johnny Oates,L,71,188,0.25,0.762,14,0.0249,0.3935
Vern Fuller,R,73,170,0.232,0.707,14,0.0249,0.3661
Tim Harkness,L,74,182,0.235,0.716,14,0.0249,0.3707
Mickey Klutts,R,71,170,0.241,0.735,14,0.0249,0.3798
John Hale,L,74,195,0.201,0.613,14,0.0249,0.3188
Don Kessinger,B,73,170,0.252,0.768,14,0.0249,0.3966
Bob Molinaro,L,72,190,0.264,0.805,14,0.0249,0.4149
Tom Veryzer,R,73,175,0.241,0.735,14,0.0249,0.3798
Dane Iorg,L,72,180,0.276,0.841,14,0.0249,0.4332
Ken Retzer,L,72,185,0.264,0.805,14,0.0249,0.4149
Phil Gagliano,R,73,180,0.238,0.726,14,0.0249,0.3752
Paul Popovich,B,72,175,0.233,0.710,14,0.0249,0.3676
Bob Uecker,R,73,190,0.2,0.610,14,0.0249,0.3173
Dave Edwards,R,72,170,0.237,0.723,14,0.0249,0.3737
Greg Pryor,R,72,180,0.25,0.762,14,0.0249,0.3935
Ed Stroud,L,71,180,0.237,0.723,14,0.0249,0.3737
Ken Hubbs,R,74,175,0.247,0.753,14,0.0249,0.3890
Rod Gilbreath,R,74,180,0.248,0.756,14,0.0249,0.3905
Jim Beauchamp,R,74,190,0.231,0.704,14,0.0249,0.3646
Bubba Morton,R,70,175,0.267,0.814,14,0.0249,0.4194
Darrel Chaney,B,74,188,0.217,0.662,14,0.0249,0.3432
Bill Plummer,R,73,190,0.188,0.573,14,0.0249,0.2990
Ted Kubiak,B,72,175,0.231,0.704,13,0.0231,0.3637
Gary Woods,R,74,185,0.243,0.741,13,0.0231,0.3820
Kevin Bell,R,72,195,0.222,0.677,13,0.0231,0.3500
Danny Goodwin,L,73,195,0.236,0.720,13,0.0231,0.3713
Fergie Jenkins,R,77,205,0.165,0.503,13,0.0231,0.2631
Jim Anderson,R,72,170,0.218,0.665,13,0.0231,0.3439
Richie Scheinblum,B,73,180,0.263,0.802,13,0.0231,0.4125
Roberto Pena,R,68,170,0.245,0.747,13,0.0231,0.3850
Rafael Santana,R,73,165,0.246,0.750,13,0.0231,0.3865
Tommie Aaron,R,75,190,0.229,0.698,13,0.0231,0.3606
Steve Dillard,R,73,180,0.243,0.741,13,0.0231,0.3820
Sandy Alomar,B,69,140,0.245,0.747,13,0.0231,0.3850
Mike Fiore,L,72,175,0.227,0.692,13,0.0231,0.3576
Tito Landrum,R,71,175,0.249,0.759,13,0.0231,0.3911
Steve Carlton,L,76,210,0.201,0.613,13,0.0231,0.3179
Vic Harris,B,71,165,0.217,0.662,13,0.0231,0.3423
Rick Joseph,R,73,192,0.243,0.741,13,0.0231,0.3820
Bob Burda,L,71,174,0.224,0.683,13,0.0231,0.3530
Tom O'Malley,L,72,180,0.256,0.780,13,0.0231,0.4018
Tommie Reynolds,R,74,190,0.226,0.689,12,0.0213,0.3552
Garry Hancock,L,72,175,0.247,0.753,12,0.0213,0.3872
Larry Haney,R,74,195,0.215,0.655,12,0.0213,0.3384
Larry Cox,R,70,178,0.221,0.674,12,0.0213,0.3475
Ron Pruitt,R,72,185,0.269,0.820,12,0.0213,0.4207
Jim Mason,L,74,185,0.203,0.619,12,0.0213,0.3201
Dick Phillips,L,72,180,0.229,0.698,12,0.0213,0.3597
Jackie Hernandez,R,71,165,0.208,0.634,12,0.0213,0.3277
Dan Briggs,L,72,180,0.195,0.595,12,0.0213,0.3079
Alan Knicely,R,72,190,0.213,0.649,12,0.0213,0.3354
Tim Corcoran,L,71,175,0.27,0.823,12,0.0213,0.4222
Tom Seaver,R,73,195,0.154,0.470,12,0.0213,0.2454
Rich Coggins,L,68,170,0.265,0.808,12,0.0213,0.4146
Kiko Garcia,R,71,180,0.239,0.729,12,0.0213,0.3750
John Stephenson,L,71,180,0.216,0.659,12,0.0213,0.3399
Doug Clemens,L,72,180,0.229,0.698,12,0.0213,0.3597
Sonny Siebert,R,75,190,0.173,0.527,12,0.0213,0.2744
Bob Forsch,R,76,200,0.213,0.649,12,0.0213,0.3354
Bobby Valentine,R,70,189,0.26,0.793,12,0.0213,0.4070
Larry Harlow,L,74,185,0.248,0.756,12,0.0213,0.3887
Brian Asselstine,L,73,175,0.254,0.774,12,0.0213,0.3979
Jeff Stone,L,72,175,0.277,0.845,11,0.0195,0.4320
Mike Phillips,L,72,170,0.24,0.732,11,0.0195,0.3756
Howie Goss,R,76,204,0.216,0.659,11,0.0195,0.3390
Rufino Linares,R,72,170,0.27,0.823,11,0.0195,0.4214
Al Gallagher,R,72,180,0.263,0.802,11,0.0195,0.4107
Barbaro Garbey,R,70,170,0.267,0.814,11,0.0195,0.4168
Ken Walters,R,73,180,0.231,0.704,11,0.0195,0.3619
Tony Cloninger,R,72,210,0.192,0.585,11,0.0195,0.3025
Larry Milbourne,B,72,161,0.254,0.774,11,0.0195,0.3970
Phil Linz,R,73,180,0.235,0.716,11,0.0195,0.3680
Jimmie Schaffer,R,69,170,0.223,0.680,11,0.0195,0.3497
Steve Nicosia,R,70,185,0.248,0.756,11,0.0195,0.3878
Dick Bertell,R,72,200,0.25,0.762,10,0.0178,0.3900
Bruce Boisclair,L,74,185,0.263,0.802,10,0.0178,0.4098
Bombo Rivera,R,70,187,0.265,0.808,10,0.0178,0.4128
Ted Cox,R,75,195,0.245,0.747,10,0.0178,0.3824
Paul Dade,R,73,185,0.27,0.823,10,0.0178,0.4205
Fred Stanley,R,70,165,0.216,0.659,10,0.0178,0.3381
Brian Giles,R,73,165,0.228,0.695,10,0.0178,0.3564
J.R. Richard,R,80,222,0.168,0.512,10,0.0178,0.2650
Dave Rosello,R,71,160,0.236,0.720,10,0.0178,0.3686
Carl Taylor,R,74,200,0.266,0.811,10,0.0178,0.4144
Ron Davis,R,72,175,0.233,0.710,10,0.0178,0.3641
Tom Poquette,L,70,175,0.268,0.817,10,0.0178,0.4174
Bobby Cox,R,71,180,0.225,0.686,9,0.0160,0.3510
Jim Lyttle,L,72,180,0.248,0.756,9,0.0160,0.3860
Gene Locklear,L,70,165,0.274,0.835,9,0.0160,0.4257
Jack Heidemann,R,72,175,0.211,0.643,9,0.0160,0.3296
Tim Flannery,L,71,175,0.255,0.777,9,0.0160,0.3967
Rick Rhoden,R,75,195,0.238,0.726,9,0.0160,0.3708
Tim Cullen,R,73,185,0.22,0.671,9,0.0160,0.3434
Joe Keough,L,72,185,0.246,0.750,9,0.0160,0.3830
Jim Pankovits,R,70,170,0.25,0.762,9,0.0160,0.3891
Joe Simpson,L,75,175,0.242,0.738,9,0.0160,0.3769
George Smith,R,70,170,0.205,0.625,9,0.0160,0.3205
Rick Auerbach,R,72,165,0.22,0.671,9,0.0160,0.3434
Rick Sofield,L,73,195,0.243,0.741,9,0.0160,0.3784
Bob Bailor,R,71,170,0.264,0.805,9,0.0160,0.4104
Bob Barton,R,72,175,0.226,0.689,9,0.0160,0.3525
Dave McNally,R,71,185,0.133,0.405,9,0.0160,0.2107
Wayne Tolleson,B,69,160,0.241,0.735,9,0.0160,0.3754
Bill Sharp,L,70,178,0.255,0.777,9,0.0160,0.3967
Luis Melendez,R,72,165,0.248,0.756,9,0.0160,0.3860
Pedro Gonzalez,R,72,176,0.244,0.744,8,0.0142,0.3791
Sal Butera,R,72,190,0.227,0.692,8,0.0142,0.3531
Jimmy Stewart,B,72,165,0.237,0.723,8,0.0142,0.3684
Boots Day,L,69,160,0.256,0.780,8,0.0142,0.3973
Domingo Ramos,R,70,154,0.24,0.732,8,0.0142,0.3730
Phil Mankowski,L,72,180,0.264,0.805,8,0.0142,0.4095
Bob Meacham,B,73,175,0.236,0.720,8,0.0142,0.3669
Hal Lanier,R,74,180,0.228,0.695,8,0.0142,0.3547
Dick Tracewski,R,71,160,0.213,0.649,8,0.0142,0.3318
Steve Hovley,L,70,188,0.258,0.787,8,0.0142,0.4004
Jeff Torborg,R,72,195,0.214,0.652,8,0.0142,0.3333
Merritt Ranew,L,71,170,0.247,0.753,8,0.0142,0.3836
Russ Gibson,R,73,195,0.228,0.695,8,0.0142,0.3547
Broderick Perkins,L,70,180,0.271,0.826,8,0.0142,0.4202
Ed Romero,R,71,160,0.247,0.753,8,0.0142,0.3836
Juan Bonilla,R,69,170,0.256,0.780,7,0.0124,0.3965
Tony Muser,L,74,180,0.259,0.790,7,0.0124,0.4010
Jim Fairey,L,70,190,0.235,0.716,7,0.0124,0.3644
Greg Gross,L,70,160,0.287,0.875,7,0.0124,0.4437
Junior Moore,R,71,185,0.264,0.805,7,0.0124,0.4087
Dave Roberts,L,75,195,0.194,0.591,7,0.0124,0.3019
Marv Breeding,R,72,175,0.25,0.762,7,0.0124,0.3873
Jim Norris,L,70,175,0.264,0.805,7,0.0124,0.4087
Mel Stottlemyre,R,73,178,0.16,0.488,7,0.0124,0.2501
Bill Fahey,L,72,200,0.241,0.735,7,0.0124,0.3736
Doug Flynn,R,71,165,0.238,0.726,7,0.0124,0.3690
Bud Harrelson,B,71,160,0.236,0.720,7,0.0124,0.3660
Ted Martinez,R,72,165,0.24,0.732,7,0.0124,0.3721
Stan Papi,R,72,170,0.218,0.665,7,0.0124,0.3385
Carl Morton,R,72,200,0.156,0.476,7,0.0124,0.2440
Sonny Jackson,L,69,150,0.251,0.765,7,0.0124,0.3888
Orlando Mercado,R,72,180,0.199,0.607,7,0.0124,0.3096
Mario Guerrero,R,70,155,0.257,0.784,7,0.0124,0.3980
Doug Griffin,R,72,160,0.245,0.747,7,0.0124,0.3797
Jim Maloney,L,74,190,0.201,0.613,7,0.0124,0.3126
Lynn Jones,R,69,175,0.252,0.768,7,0.0124,0.3904
Al Weis,B,72,160,0.219,0.668,7,0.0124,0.3401
Sandy Valdespino,L,68,170,0.23,0.701,7,0.0124,0.3568
Don Hahn,R,73,180,0.236,0.720,7,0.0124,0.3660
Jim Rooker,R,72,195,0.201,0.613,7,0.0124,0.3126
Jerry Kenney,L,73,170,0.237,0.723,7,0.0124,0.3675
Curt Ford,L,70,150,0.245,0.747,7,0.0124,0.3797
Phil Niekro,R,73,180,0.169,0.515,7,0.0124,0.2638
Jerry Remy,L,69,165,0.275,0.838,7,0.0124,0.4254
Rod Kanehl,R,73,180,0.241,0.735,6,0.0107,0.3727
Frank Tepedino,L,71,185,0.241,0.735,6,0.0107,0.3727
Brad Wellman,R,72,170,0.231,0.704,6,0.0107,0.3575
Dal Maxvill,R,71,157,0.217,0.662,6,0.0107,0.3361
Rich Morales,R,71,170,0.195,0.595,6,0.0107,0.3026
Bob Davis,R,72,180,0.197,0.601,6,0.0107,0.3056
Rick Sweet,B,73,200,0.234,0.713,6,0.0107,0.3620
Terry Humphrey,R,75,185,0.211,0.643,6,0.0107,0.3270
Rich Chiles,L,71,170,0.254,0.774,6,0.0107,0.3925
Dave Hilton,R,71,191,0.213,0.649,6,0.0107,0.3300
John Vukovich,R,73,187,0.161,0.491,6,0.0107,0.2508
Bob Knepper,L,75,195,0.137,0.418,6,0.0107,0.2142
Bobby Klaus,R,70,170,0.208,0.634,6,0.0107,0.3224
Tucker Ashford,R,73,195,0.218,0.665,6,0.0107,0.3376
Gaylord Perry,R,76,205,0.131,0.399,6,0.0107,0.2050
Miguel Dilone,B,72,160,0.265,0.808,6,0.0107,0.4093
Buddy Biancalana,B,71,160,0.205,0.625,6,0.0107,0.3178
Ty Cline,L,72,170,0.238,0.726,6,0.0107,0.3681
Ken Rudolph,R,73,180,0.213,0.649,6,0.0107,0.3300
Ron Stone,L,74,185,0.241,0.735,6,0.0107,0.3727
Steve Renko,R,77,230,0.215,0.655,6,0.0107,0.3331
Julio Gotay,R,72,180,0.26,0.793,6,0.0107,0.4017
Luis Pujols,R,74,175,0.193,0.588,6,0.0107,0.2995
Tim Blackwell,B,71,170,0.228,0.695,6,0.0107,0.3529
Catfish Hunter,R,72,190,0.226,0.689,6,0.0107,0.3498
Hank Allen,R,72,190,0.241,0.735,6,0.0107,0.3727
Mike Squires,L,71,185,0.26,0.793,6,0.0107,0.4017
Wilbur Howard,B,74,170,0.25,0.762,6,0.0107,0.3864
Gene Clines,R,69,170,0.277,0.845,5,0.0089,0.4267
Scot Thompson,L,75,195,0.262,0.799,5,0.0089,0.4038
Steve Jeltz,B,71,180,0.21,0.640,5,0.0089,0.3246
Jim French,L,68,180,0.196,0.598,5,0.0089,0.3032
Mike Sadek,R,69,165,0.226,0.689,5,0.0089,0.3490
Luis Alvarado,R,69,162,0.214,0.652,5,0.0089,0.3307
Andy Messersmith,R,73,200,0.17,0.518,5,0.0089,0.2636
Tom Nieto,R,73,193,0.205,0.625,5,0.0089,0.3169
Roger Metzger,B,72,165,0.231,0.704,5,0.0089,0.3566
Lenny Faedo,R,72,170,0.251,0.765,5,0.0089,0.3871
Albert Hall,B,71,155,0.251,0.765,5,0.0089,0.3871
Wallace Johnson,B,72,173,0.255,0.777,5,0.0089,0.3932
Ray Sadecki,L,71,180,0.191,0.582,5,0.0089,0.2956
Andre Robertson,R,70,155,0.251,0.765,5,0.0089,0.3871
Joaquin Andujar,B,72,170,0.127,0.387,5,0.0089,0.1980
Ken Suarez,R,69,175,0.227,0.692,5,0.0089,0.3505
Mike Krukow,R,77,205,0.193,0.588,5,0.0089,0.2986
Alan Wiggins,B,74,160,0.259,0.790,5,0.0089,0.3993
Ron Clark,R,70,175,0.189,0.576,5,0.0089,0.2926
Frank Quilici,R,73,170,0.214,0.652,5,0.0089,0.3307
Steve Barber,L,72,195,0.115,0.351,5,0.0089,0.1797
Tommy John,R,75,180,0.157,0.479,5,0.0089,0.2438
Luis Tiant,R,72,180,0.164,0.500,5,0.0089,0.2544
Mike Brumley,L,70,195,0.229,0.698,5,0.0089,0.3535
Denny Lemaster,R,73,182,0.13,0.396,4,0.0071,0.2017
Larry Dierker,R,76,215,0.136,0.415,4,0.0071,0.2109
Elio Chacon,R,69,160,0.232,0.707,4,0.0071,0.3572
Tommy Dean,R,72,165,0.18,0.549,4,0.0071,0.2779
Joe Lovitto,B,72,185,0.216,0.659,4,0.0071,0.3328
Mike Richardt,R,72,170,0.226,0.689,4,0.0071,0.3481
Pat Corrales,R,72,180,0.216,0.659,4,0.0071,0.3328
Rafael Landestoy,B,70,165,0.237,0.723,4,0.0071,0.3648
Mario Mendoza,R,71,170,0.215,0.655,4,0.0071,0.3313
John Donaldson,L,71,160,0.238,0.726,4,0.0071,0.3664
Julio Gonzalez,R,71,162,0.235,0.716,4,0.0071,0.3618
Burt Hooton,R,73,210,0.123,0.375,4,0.0071,0.1911
Juan Marichal,R,72,185,0.165,0.503,4,0.0071,0.2551
Vida Blue,B,72,189,0.104,0.317,4,0.0071,0.1621
Terry Harmon,R,74,180,0.233,0.710,4,0.0071,0.3587
Jackie Gutierrez,R,71,175,0.237,0.723,4,0.0071,0.3648
Junior Kennedy,R,71,175,0.248,0.756,4,0.0071,0.3816
Tom Matchick,L,73,173,0.215,0.655,4,0.0071,0.3313
Jerry Terrell,R,71,165,0.253,0.771,4,0.0071,0.3892
Ron Gardenhire,R,72,175,0.232,0.707,4,0.0071,0.3572
Dave Skaggs,R,74,200,0.241,0.735,3,0.0053,0.3700
Manny Castillo,B,69,160,0.242,0.738,3,0.0053,0.3716
Joe Nossek,R,72,178,0.228,0.695,3,0.0053,0.3502
Don Mason,L,71,160,0.205,0.625,3,0.0053,0.3152
Bobby Mitchell,L,70,170,0.243,0.741,3,0.0053,0.3731
Onix Concepcion,R,66,160,0.239,0.729,3,0.0053,0.3670
Rodney Scott,B,72,160,0.236,0.720,3,0.0053,0.3624
Jim Lonborg,R,77,200,0.136,0.415,3,0.0053,0.2100
Jerry Zimmerman,R,74,185,0.204,0.622,3,0.0053,0.3136
Bryan Little,B,70,160,0.245,0.747,3,0.0053,0.3761
Winston Llenas,R,70,165,0.23,0.701,3,0.0053,0.3533
Mark Wagner,R,72,165,0.243,0.741,3,0.0053,0.3731
Rob Andrews,R,72,185,0.251,0.765,3,0.0053,0.3853
Mike Fischlin,R,73,165,0.22,0.671,3,0.0053,0.3380
Ron Brand,R,67,167,0.239,0.729,3,0.0053,0.3670
Skip Jutze,R,71,190,0.215,0.655,3,0.0053,0.3304
Jerry Dybzinski,R,74,180,0.234,0.713,3,0.0053,0.3594
Fritz Peterson,B,72,185,0.159,0.485,2,0.0036,0.2442
Jerry Koosman,R,74,205,0.119,0.363,2,0.0036,0.1832
Mike Ramsey,B,73,170,0.24,0.732,2,0.0036,0.3676
Angel Salazar,R,72,180,0.212,0.646,2,0.0036,0.3249
Al Downing,R,71,175,0.127,0.387,2,0.0036,0.1954
Mike Champion,R,72,185,0.229,0.698,2,0.0036,0.3509
Frank Taveras,R,72,155,0.255,0.777,2,0.0036,0.3905
Danny Ainge,R,76,175,0.22,0.671,2,0.0036,0.3371
Glenn Burke,R,72,195,0.237,0.723,2,0.0036,0.3631
Enzo Hernandez,R,68,155,0.224,0.683,2,0.0036,0.3432
Woodie Fryman,R,75,197,0.138,0.421,2,0.0036,0.2121
Ken Holtzman,R,74,175,0.163,0.497,2,0.0036,0.2503
Barry Evans,R,73,180,0.251,0.765,2,0.0036,0.3844
Ron Theobald,R,68,165,0.248,0.756,2,0.0036,0.3798
Mike Edwards,R,70,154,0.25,0.762,2,0.0036,0.3829
Jose Tartabull,L,71,165,0.261,0.796,2,0.0036,0.3996
Nate Oliver,R,70,160,0.226,0.689,2,0.0036,0.3463
Rick Peters,B,69,170,0.277,0.845,2,0.0036,0.4240
Sam McDowell,L,77,190,0.154,0.470,2,0.0036,0.2365
Rudy Meoli,L,69,165,0.212,0.646,2,0.0036,0.3249
Tom Lawless,R,71,170,0.207,0.631,2,0.0036,0.3173
Jack Perconte,L,70,160,0.27,0.823,2,0.0036,0.4134
Chico Ruiz,B,72,169,0.24,0.732,2,0.0036,0.3676
Gary Nolan,R,74,197,0.138,0.421,1,0.0018,0.2113
Dick Ruthven,R,75,190,0.183,0.558,1,0.0018,0.2799
Joe Niekro,R,73,185,0.156,0.476,1,0.0018,0.2387
Denny McLain,R,73,185,0.133,0.405,1,0.0018,0.2036
Jose Arcia,R,75,170,0.215,0.655,1,0.0018,0.3286
Bob Randall,R,74,175,0.257,0.784,1,0.0018,0.3927
Jerry Reuss,L,77,200,0.167,0.509,1,0.0018,0.2555
Woody Woodward,R,74,180,0.236,0.720,1,0.0018,0.3606
Joe Strain,R,70,169,0.25,0.762,1,0.0018,0.3820
Duane Kuiper,L,72,175,0.271,0.826,1,0.0018,0.4140
Brock Davis,L,70,160,0.26,0.793,1,0.0018,0.3972
Steve Blass,R,72,165,0.172,0.524,1,0.0018,0.2631
Don Wilson,R,74,195,0.146,0.445,1,0.0018,0.2234
Bob Heise,R,72,175,0.247,0.753,1,0.0018,0.3774
Bruce Miller,R,73,185,0.246,0.750,1,0.0018,0.3759
Ray Burris,R,77,200,0.151,0.460,1,0.0018,0.2311
Ray Culp,R,72,200,0.123,0.375,1,0.0018,0.1884
Mario Soto,R,72,174,0.132,0.402,1,0.0018,0.2021
Pepe Frias,R,70,159,0.24,0.732,1,0.0018,0.3667
Darrell Brown,B,72,184,0.274,0.835,1,0.0018,0.4186
Gil Garrido,R,69,150,0.237,0.723,1,0.0018,0.3622
Jim Barr,R,75,205,0.162,0.494,1,0.0018,0.2478
Tom Brown,R,73,170,0,0.000,0,0.0000,0.0000
Ozzie Osborn,R,74,195,0,0.000,0,0.0000,0.0000
John LaRose,L,73,185,0,0.000,0,0.0000,0.0000
Jeff Byrd,R,75,195,0,0.000,0,0.0000,0.0000
Jerry Kutzler,L,73,175,0,0.000,0,0.0000,0.0000
Jeff Barkley,B,75,185,0,0.000,0,0.0000,0.0000
Eric Wilkins,R,73,190,0,0.000,0,0.0000,0.0000
Britt Burns,L,77,215,0,0.000,0,0.0000,0.0000
Nardi Contreras,B,74,193,0,0.000,0,0.0000,0.0000
Jack Billingham,R,76,195,0.111,0.338,0,0.0000,0.1692
Gil Patterson,R,73,185,0,0.000,0,0.0000,0.0000
Jerry Garvin,L,75,195,0,0.000,0,0.0000,0.0000
Steve Eddy,R,74,185,0,0.000,0,0.0000,0.0000
Kevin Mmahat,L,77,220,0,0.000,0,0.0000,0.0000
Jim Siwy,R,76,200,0,0.000,0,0.0000,0.0000
Bud Anderson,R,75,210,0,0.000,0,0.0000,0.0000
Kevin Stanfield,L,72,190,0,0.000,0,0.0000,0.0000
John Butcher,R,76,185,0,0.000,0,0.0000,0.0000
Jerry Ujdur,R,73,195,0,0.000,0,0.0000,0.0000
Brian Denman,R,76,205,0,0.000,0,0.0000,0.0000
Bob Fallon,L,75,200,0,0.000,0,0.0000,0.0000
Steve Curry,R,78,217,0,0.000,0,0.0000,0.0000
Mickey Lolich,B,73,170,0.11,0.335,0,0.0000,0.1677
Ray Chadwick,B,74,180,0,0.000,0,0.0000,0.0000
Bryan Clutterbuck,R,76,223,0,0.000,0,0.0000,0.0000
Tony Ferreira,L,73,160,0,0.000,0,0.0000,0.0000
Bryan Oelkers,L,75,192,0,0.000,0,0.0000,0.0000
Kevin Bearse,L,74,195,0,0.000,0,0.0000,0.0000
Marty Martinez,B,72,170,0.243,0.741,0,0.0000,0.3704
Jose Roman,R,72,175,0,0.000,0,0.0000,0.0000
Mike Trujillo,R,73,180,0,0.000,0,0.0000,0.0000
Albert Williams,R,76,190,0,0.000,0,0.0000,0.0000
Oswaldo Peraza,R,76,172,0,0.000,0,0.0000,0.0000
Barry Cort,R,77,210,0,0.000,0,0.0000,0.0000
Bill Wilkinson,R,70,160,0,0.000,0,0.0000,0.0000
Mike Loynd,R,76,210,0,0.000,0,0.0000,0.0000
Randy Scarbery,B,73,185,0,0.000,0,0.0000,0.0000
Ben Callahan,R,79,230,0,0.000,0,0.0000,0.0000
Bobby Cuellar,R,71,188,0,0.000,0,0.0000,0.0000
Mike Jones,L,78,215,0,0.000,0,0.0000,0.0000
Ramon Manon,R,72,150,0,0.000,0,0.0000,0.0000
John Trautwein,R,75,205,0,0.000,0,0.0000,0.0000
Andy Replogle,R,77,205,0,0.000,0,0.0000,0.0000
Zach Crouch,L,75,180,0,0.000,0,0.0000,0.0000
Ron Romanick,R,76,195,0,0.000,0,0.0000,0.0000
Bruce Tanner,L,75,220,0,0.000,0,0.0000,0.0000
Dave Ford,R,76,190,0,0.000,0,0.0000,0.0000
Barry Raziano,B,70,175,0,0.000,0,0.0000,0.0000
Pat Underwood,L,72,175,0,0.000,0,0.0000,0.0000
Joel McKeon,L,72,185,0,0.000,0,0.0000,0.0000
Danny Fife,R,75,175,0,0.000,0,0.0000,0.0000
Bob Didier,B,72,190,0.229,0.698,0,0.0000,0.3491
Andy Beene,R,75,205,0,0.000,0,0.0000,0.0000
Bruce Robbins,L,73,190,0,0.000,0,0.0000,0.0000
Leon Hooten,R,71,180,0,0.000,0,0.0000,0.0000
Allan Ramirez,R,70,180,0,0.000,0,0.0000,0.0000
Brian Allard,R,73,175,0,0.000,0,0.0000,0.0000
Fernando Arroyo,R,74,180,0,0.000,0,0.0000,0.0000
Gary Beare,R,76,205,0,0.000,0,0.0000,0.0000
Brian Dubois,L,70,165,0,0.000,0,0.0000,0.0000
Chris Batton,R,76,195,0,0.000,0,0.0000,0.0000
Vance Lovelace,L,77,205,0,0.000,0,0.0000,0.0000
Greg Thayer,R,71,182,0,0.000,0,0.0000,0.0000
Paul Hartzell,R,77,200,0,0.000,0,0.0000,0.0000
Ralph Botting,L,72,195,0,0.000,0,0.0000,0.0000
Steve Rogers,R,74,175,0.138,0.421,0,0.0000,0.2104
Keith Creel,R,74,180,0,0.000,0,0.0000,0.0000
Mike Smith,R,75,180,0,0.000,0,0.0000,0.0000
T.R. Bryden,R,76,190,0,0.000,0,0.0000,0.0000
Tom Makowski,R,71,185,0,0.000,0,0.0000,0.0000
Ed Crosby,L,74,175,0.22,0.671,0,0.0000,0.3354
Jim Umbarger,L,78,200,0,0.000,0,0.0000,0.0000
Mike Darr,R,76,190,0,0.000,0,0.0000,0.0000
Craig Robinson,R,70,165,0.219,0.668,0,0.0000,0.3338
Curt Wardle,L,77,220,0,0.000,0,0.0000,0.0000
Israel Sanchez,L,69,170,0,0.000,0,0.0000,0.0000
Steve Burke,B,74,200,0,0.000,0,0.0000,0.0000
Terry Taylor,R,73,180,0,0.000,0,0.0000,0.0000
Randy Nosek,R,76,215,0,0.000,0,0.0000,0.0000
Narciso Elvira,L,70,160,0,0.000,0,0.0000,0.0000
Mark Smith,R,74,215,0,0.000,0,0.0000,0.0000
Paul Mitchell,R,73,195,0,0.000,0,0.0000,0.0000
Butch Edge,R,75,203,0,0.000,0,0.0000,0.0000
Gary Mielke,R,75,185,0,0.000,0,0.0000,0.0000
Rick Henninger,R,78,225,0,0.000,0,0.0000,0.0000
Mark Brown,B,74,190,0,0.000,0,0.0000,0.0000
Rafael Vasquez,R,72,160,0,0.000,0,0.0000,0.0000
Len Whitehouse,L,71,175,0,0.000,0,0.0000,0.0000
Steve Adkins,R,78,210,0,0.000,0,0.0000,0.0000
Joe Horlen,R,72,170,0.134,0.409,0,0.0000,0.2043
Tony Mack,R,70,177,0,0.000,0,0.0000,0.0000
Bill Moran,R,76,210,0,0.000,0,0.0000,0.0000
Cesar Gutierrez,R,69,155,0.235,0.716,0,0.0000,0.3582
Tom Gilles,R,73,185,0,0.000,0,0.0000,0.0000
Bob Kammeyer,R,76,210,0,0.000,0,0.0000,0.0000
Joe Pactwa,L,71,185,0,0.000,0,0.0000,0.0000
Sherman Corbett,L,76,205,0,0.000,0,0.0000,0.0000
Lafayette Currence,B,71,175,0,0.000,0,0.0000,0.0000
John Pawlowski,R,74,175,0,0.000,0,0.0000,0.0000
Jack Hardy,R,74,175,0,0.000,0,0.0000,0.0000
Ron Musselman,R,74,185,0,0.000,0,0.0000,0.0000
Tony Chevez,R,71,177,0,0.000,0,0.0000,0.0000
Gary Ignasiak,R,71,185,0,0.000,0,0.0000,0.0000
Mike Smithson,L,80,215,0,0.000,0,0.0000,0.0000
Joe Skalski,R,75,190,0,0.000,0,0.0000,0.0000
Bert Bradley,B,73,190,0,0.000,0,0.0000,0.0000
Francisco Barrios,R,71,155,0,0.000,0,0.0000,0.0000
Reggie Ritter,L,74,195,0,0.000,0,0.0000,0.0000
Bob Babcock,R,77,210,0,0.000,0,0.0000,0.0000
Craig Eaton,R,71,175,0,0.000,0,0.0000,0.0000
Roy Branch,R,72,175,0,0.000,0,0.0000,0.0000
Rob Woodward,R,75,185,0,0.000,0,0.0000,0.0000
Fred Norman,B,68,155,0.125,0.381,0,0.0000,0.1905
Randy Jones,R,72,178,0.132,0.402,0,0.0000,0.2012
Bob Veselic,R,72,175,0,0.000,0,0.0000,0.0000
Chuck Hockenbery,B,73,195,0,0.000,0,0.0000,0.0000
Bob Ferris,R,78,225,0,0.000,0,0.0000,0.0000
Gary Wheelock,R,75,205,0,0.000,0,0.0000,0.0000
Mike Rochford,L,76,205,0,0.000,0,0.0000,0.0000
Jeff Schneider,B,75,195,0,0.000,0,0.0000,0.0000
Luis Encarnacion,R,70,178,0,0.000,0,0.0000,0.0000
Rick Kreuger,R,74,185,0,0.000,0,0.0000,0.0000
Angel Moreno,L,69,165,0,0.000,0,0.0000,0.0000
Roger Weaver,R,75,190,0,0.000,0,0.0000,0.0000
Chris Knapp,R,77,195,0,0.000,0,0.0000,0.0000
Don Welchel,R,76,205,0,0.000,0,0.0000,0.0000
Randy Wiles,L,73,185,0,0.000,0,0.0000,0.0000
Larry Lintz,B,69,150,0.227,0.692,0,0.0000,0.3460
Dewey Robinson,R,72,180,0,0.000,0,0.0000,0.0000
Tony Arnold,R,71,170,0,0.000,0,0.0000,0.0000
Jeff Schattinger,L,77,200,0,0.000,0,0.0000,0.0000
Ike Brookens,R,77,170,0,0.000,0,0.0000,0.0000
Win Remmerswaal,R,74,160,0,0.000,0,0.0000,0.0000
Jeff Peterek,R,74,195,0,0.000,0,0.0000,0.0000
Jeff Shaver,R,75,195,0,0.000,0,0.0000,0.0000
Tim Johnson,L,73,170,0.223,0.680,0,0.0000,0.3399
Pete Filson,B,74,195,0,0.000,0,0.0000,0.0000
Jim Gideon,R,75,190,0,0.000,0,0.0000,0.0000
Jeff Twitty,L,74,185,0,0.000,0,0.0000,0.0000
Steve Cummings,B,74,200,0,0.000,0,0.0000,0.0000
Jose Cecena,R,71,180,0,0.000,0,0.0000,0.0000
Greg Erardi,R,73,190,0,0.000,0,0.0000,0.0000
Jim Farr,R,73,195,0,0.000,0,0.0000,0.0000
Frank Dimichele,R,75,205,0,0.000,0,0.0000,0.0000
Bob Veale,B,78,212,0.114,0.348,0,0.0000,0.1738
Mike Warren,R,73,175,0,0.000,0,0.0000,0.0000
Bill Fulton,R,75,195,0,0.000,0,0.0000,0.0000
Larry Anderson,R,75,190,0,0.000,0,0.0000,0.0000
Craig Mitchell,R,75,180,0,0.000,0,0.0000,0.0000
Alfredo Martinez,R,75,185,0,0.000,0,0.0000,0.0000
Dean Chance,R,75,200,0.066,0.201,0,0.0000,0.1006
Joel Davis,L,77,205,0,0.000,0,0.0000,0.0000
Bill Mooneyham,R,72,175,0,0.000,0,0.0000,0.0000
John Hobbs,R,75,190,0,0.000,0,0.0000,0.0000
John Denny,R,75,185,0.17,0.518,0,0.0000,0.2591
Karl Best,R,76,190,0,0.000,0,0.0000,0.0000
Steve Barr,L,76,200,0,0.000,0,0.0000,0.0000
Luis Sanchez,R,74,170,0,0.000,0,0.0000,0.0000
Mike Brown,R,74,195,0,0.000,0,0.0000,0.0000
Steve Davis,L,73,195,0,0.000,0,0.0000,0.0000
Jeff Rineer,L,76,205,0,0.000,0,0.0000,0.0000
Mark Mercer,L,77,220,0,0.000,0,0.0000,0.0000
John Caneira,R,75,180,0,0.000,0,0.0000,0.0000
Clint Zavaras,R,73,175,0,0.000,0,0.0000,0.0000
Mike Parrott,R,76,210,0,0.000,0,0.0000,0.0000
Luis Aponte,R,72,185,0,0.000,0,0.0000,0.0000
Paul Boris,R,74,200,0,0.000,0,0.0000,0.0000
De Wayne Buice,R,72,170,0,0.000,0,0.0000,0.0000
Mark Esser,R,73,190,0,0.000,0,0.0000,0.0000
Daryl Smith,R,76,185,0,0.000,0,0.0000,0.0000
Dave Smith,R,73,190,0,0.000,0,0.0000,0.0000
Dave Stapleton,L,73,185,0,0.000,0,0.0000,0.0000
Tom Klawitter,R,74,190,0,0.000,0,0.0000,0.0000
Gary Christenson,L,77,200,0,0.000,0,0.0000,0.0000
Jim Wright,R,77,205,0,0.000,0,0.0000,0.0000
Jim Wright,R,73,165,0,0.000,0,0.0000,0.0000
Mike Kinnunen,L,73,185,0,0.000,0,0.0000,0.0000
Dave Rajsich,L,77,175,0,0.000,0,0.0000,0.0000
Ramon Pena,R,70,155,0,0.000,0,0.0000,0.0000
Chico Escarrega,R,71,185,0,0.000,0,0.0000,0.0000
Cardell Camper,R,75,208,0,0.000,0,0.0000,0.0000
Mike Overy,R,74,190,0,0.000,0,0.0000,0.0000
Craig Chamberlain,R,73,190,0,0.000,0,0.0000,0.0000
Frank Eufemia,R,71,185,0,0.000,0,0.0000,0.0000
Jack Lazorko,R,71,200,0,0.000,0,0.0000,0.0000
Mike Paxton,R,71,190,0,0.000,0,0.0000,0.0000
Rickey Keeton,R,74,190,0,0.000,0,0.0000,0.0000
Terry Felton,R,73,180,0,0.000,0,0.0000,0.0000
Mark Clear,R,76,200,0,0.000,0,0.0000,0.0000
Mike Pazik,L,74,195,0,0.000,0,0.0000,0.0000
Rich Barnes,R,76,186,0,0.000,0,0.0000,0.0000
Dave Frost,R,78,235,0,0.000,0,0.0000,0.0000
Mark Souza,L,72,180,0,0.000,0,0.0000,0.0000
Rick Jones,L,77,190,0,0.000,0,0.0000,0.0000
Jim Dorsey,R,79,190,0,0.000,0,0.0000,0.0000
Mark Ciardi,R,72,180,0,0.000,0,0.0000,0.0000
Dennis Burtt,R,72,180,0,0.000,0,0.0000,0.0000
Rich Yett,R,74,187,0,0.000,0,0.0000,0.0000
Matt Williams,R,73,200,0,0.000,0,0.0000,0.0000
Jim Burton,R,75,195,0,0.000,0,0.0000,0.0000
Rick Anderson,R,74,210,0,0.000,0,0.0000,0.0000
Charlie Mitchell,R,75,170,0,0.000,0,0.0000,0.0000
Bill Paschall,R,72,175,0,0.000,0,0.0000,0.0000
John Bohnet,B,72,175,0,0.000,0,0.0000,0.0000
Byron McLaughlin,R,73,175,0,0.000,0,0.0000,0.0000
Luis Quintana,L,74,175,0,0.000,0,0.0000,0.0000
Keith Macwhorter,R,76,190,0,0.000,0,0.0000,0.0000
Jaime Cocanower,R,76,200,0,0.000,0,0.0000,0.0000
Jeff Sellers,R,73,175,0,0.000,0,0.0000,0.0000
Steve Senteney,R,74,205,0,0.000,0,0.0000,0.0000
Howard Bailey,R,72,195,0,0.000,0,0.0000,0.0000
Jeff Bettendorf,R,75,180,0,0.000,0,0.0000,0.0000
Bob Davidson,R,72,185,0,0.000,0,0.0000,0.0000
Brian Snyder,L,75,185,0,0.000,0,0.0000,0.0000
Carlos Velazquez,R,71,180,0,0.000,0,0.0000,0.0000
Roger Miller,R,75,200,0,0.000,0,0.0000,0.0000
Willie Mueller,R,76,220,0,0.000,0,0.0000,0.0000
John Flinn,R,72,175,0,0.000,0,0.0000,0.0000
Les Straker,R,73,193,0,0.000,0,0.0000,0.0000
Don Kainer,R,75,205,0,0.000,0,0.0000,0.0000
Don Gordon,R,73,175,0,0.000,0,0.0000,0.0000
Sandy Wihtol,R,73,195,0,0.000,0,0.0000,0.0000
Jeff Richardson,R,75,185,0,0.000,0,0.0000,0.0000
Dennis DeBarr,L,74,190,0,0.000,0,0.0000,0.0000
Jay Pettibone,R,76,182,0,0.000,0,0.0000,0.0000
Glen Cook,R,71,180,0,0.000,0,0.0000,0.0000
Bill Castro,R,71,170,0,0.000,0,0.0000,0.0000
Ed Hodge,L,74,192,0,0.000,0,0.0000,0.0000
Tom Buskey,R,75,200,0,0.000,0,0.0000,0.0000
Bruce Taylor,R,72,178,0,0.000,0,0.0000,0.0000
Stan Thomas,R,74,185,0,0.000,0,0.0000,0.0000
Larry Monroe,R,76,200,0,0.000,0,0.0000,0.0000
Roger Slagle,R,75,190,0,0.000,0,0.0000,0.0000
Jim Campbell,L,71,175,0,0.000,0,0.0000,0.0000
Curt Kaufman,R,74,175,0,0.000,0,0.0000,0.0000
De Wayne Vaughn,R,71,180,0,0.000,0,0.0000,0.0000
Bob Galasso,L,73,205,0,0.000,0,0.0000,0.0000
Rich Wortham,R,72,185,0,0.000,0,0.0000,0.0000
Juan Nieves,L,75,175,0,0.000,0,0.0000,0.0000
Mike Bacsik,R,74,180,0,0.000,0,0.0000,0.0000
Phil Huffman,R,74,180,0,0.000,0,0.0000,0.0000
Steve Brown,R,77,200,0,0.000,0,0.0000,0.0000
Rick Lysander,R,74,190,0,0.000,0,0.0000,0.0000
Mel Stottlemyre,R,72,190,0,0.000,0,0.0000,0.0000
Alex Sanchez,R,74,185,0,0.000,0,0.0000,0.0000
Paul Wilmet,R,71,170,0,0.000,0,0.0000,0.0000
Bruce Ellingsen,L,72,180,0,0.000,0,0.0000,0.0000
Gorman Heimueller,L,76,195,0,0.000,0,0.0000,0.0000
Ron Reed,R,78,215,0.158,0.482,0,0.0000,0.2409
Fred Howard,R,75,190,0,0.000,0,0.0000,0.0000
John Hoover,R,74,190,0,0.000,0,0.0000,0.0000
Mike Walters,R,77,203,0,0.000,0,0.0000,0.0000
Colby Ward,R,74,185,0,0.000,0,0.0000,0.0000
Chuck Porter,R,75,187,0,0.000,0,0.0000,0.0000
Tom Dozier,R,74,190,0,0.000,0,0.0000,0.0000
Rick Steirer,R,76,200,0,0.000,0,0.0000,0.0000
Al Lachowicz,R,75,198,0,0.000,0,0.0000,0.0000
Tom McCarthy,R,72,180,0,0.000,0,0.0000,0.0000
Jim Lewis,R,75,190,0,0.000,0,0.0000,0.0000
Dan Morogiello,L,73,200,0,0.000,0,0.0000,0.0000
Shawn Holman,R,74,185,0,0.000,0,0.0000,0.0000
Alan Wirth,R,76,190,0,0.000,0,0.0000,0.0000
Terry Wilshusen,R,74,210,0,0.000,0,0.0000,0.0000
Steve Ellsworth,R,80,220,0,0.000,0,0.0000,0.0000
Bryan Kelly,R,74,195,0,0.000,0,0.0000,0.0000
Mick Kelleher,R,69,176,0.213,0.649,0,0.0000,0.3247
Don Sutton,R,73,185,0.144,0.439,0,0.0000,0.2195
John Leister,R,74,200,0,0.000,0,0.0000,0.0000
Don Cooper,R,73,185,0,0.000,0,0.0000,0.0000
Jeff Jones,R,75,210,0,0.000,0,0.0000,0.0000
John Poloni,L,77,210,0,0.000,0,0.0000,0.0000
Mike Willis,L,74,205,0,0.000,0,0.0000,0.0000
Stefan Wever,R,80,245,0,0.000,0,0.0000,0.0000
Dave Johnson,R,73,183,0,0.000,0,0.0000,0.0000
Jerry Augustine,L,72,183,0,0.000,0,0.0000,0.0000
Jeff Holly,L,77,210,0,0.000,0,0.0000,0.0000
Eric Hetzel,R,75,175,0,0.000,0,0.0000,0.0000
Luis Gomez,R,69,150,0.21,0.640,0,0.0000,0.3201
Dave Lemanczyk,R,76,235,0,0.000,0,0.0000,0.0000
Al Jones,R,76,210,0,0.000,0,0.0000,0.0000
Sam Hinds,R,78,215,0,0.000,0,0.0000,0.0000
Clay Christiansen,R,77,205,0,0.000,0,0.0000,0.0000
Larry Rothschild,L,74,180,0,0.000,0,0.0000,0.0000
Gary Lance,B,75,195,0,0.000,0,0.0000,0.0000
Larry Pashnick,R,75,205,0,0.000,0,0.0000,0.0000
Todd Fischer,R,70,170,0,0.000,0,0.0000,0.0000